,Topic_0,Topic_1,Topic_2,Topic_3,Topic_4,Topic_5,Topic_6,Topic_7,Topic_8,Topic_9,Dominant_Topic
Huovinen_-_2001_-_Bacteriotherapy_The_Time_Has_Come_Bacterial_In.txt,0.00017,0.00013,0.05121,0.11705,0.05525,0.03100,0.00020,0.00011,0.74477,0.00010,8
Levin_and_Antia_-_2001_-_Why_We_Dont_Get_Sick_The_Within-Host_Po.txt,0.57388,0.00008,0.11017,0.02427,0.00009,0.00006,0.00012,0.00007,0.29120,0.00006,0
Hooper_and_Gordon_-_2001_-_Commensal_host-bacterial_relationship.txt,0.66731,0.00004,0.26130,0.00004,0.00005,0.00003,0.00007,0.02461,0.04651,0.00003,0
Swerdlow_and_Johnson_-_2002_-_Living_with_Microbes.txt,0.24993,0.00005,0.00340,0.00005,0.00005,0.00003,0.01204,0.00004,0.73438,0.00004,8
Relman_-_2002_-_New_technologies_human-microbe_interactions_and_.txt,0.11540,0.00004,0.01629,0.00004,0.07884,0.00003,0.19745,0.00003,0.59185,0.00003,8
Xu_and_Gordon_-_2003_-_Honor_thy_symbionts.txt,0.99953,0.00013,0.00001,0.00001,0.00001,0.00001,0.00002,0.00001,0.00002,0.00024,0
Dillon_and_Dillon_-_2004_-_The_gut_bacteria_of_insects_Nonpathog.txt,0.59572,0.00930,0.10948,0.00003,0.14806,0.05265,0.00124,0.05265,0.03085,0.00002,0
Kaper_and_Sperandio_-_2005_-_Bacterial_Cell-to-Cell_Signaling_in.txt,0.29977,0.26435,0.31128,0.12240,0.00176,0.00002,0.00004,0.00002,0.00034,0.00002,2
Larue_et_al._-_2005_-_Novel_microbial_diversity_adherent_to_plan.txt,0.01566,0.06343,0.00005,0.00005,0.78744,0.03904,0.03176,0.06244,0.00009,0.00004,4
Salminen_et_al._-_2005_-_The_genomics_of_probiotic_intestinal_mi.txt,0.19426,0.29470,0.31617,0.00302,0.00011,0.00007,0.00015,0.00008,0.19138,0.00007,2
Yu_et_al._-_2005_-_Development_and_Application_of_Real-Time_PCR_.txt,0.00292,0.07693,0.00291,0.00005,0.82234,0.00004,0.06215,0.00004,0.03028,0.00232,4
Crawford_and_Gordon_-_2005_-_Microbial_regulation_of_intestinal_.txt,0.00003,0.00002,0.00002,0.00002,0.00002,0.00001,0.00003,0.00002,0.00004,0.99979,9
Backhed_et_al._-_2005_-_Host-bacterial_mutualism_in_the_human_in.txt,0.33432,0.06360,0.07361,0.03360,0.00040,0.00002,0.00005,0.42966,0.01899,0.04574,7
Samuel_and_Gordon_-_2006_-_A_humanized_gnotobiotic_mouse_model_o.txt,0.00004,0.00003,0.00003,0.00003,0.00031,0.00002,0.00032,0.00002,0.00005,0.99915,9
Motlekar_and_Youan_-_2006_-_The_quest_for_non-invasive_delivery_.txt,0.00004,0.00003,0.06037,0.54475,0.00004,0.08150,0.01011,0.00003,0.30310,0.00003,3
Macia_et_al._-_2006_-_Genes_involved_in_obesity_Adipocytes_brain.txt,0.02872,0.00002,0.12625,0.75934,0.00794,0.00001,0.00020,0.01586,0.05743,0.00424,3
Manichanh_et_al._-_2006_-_Reduced_diversity_of_faecal_microbiota.txt,0.00008,0.02554,0.04775,0.00725,0.76685,0.00658,0.10460,0.02944,0.01187,0.00005,4
Sonnenburg_et_al._-_2006_-_A_hybrid_two-component_system_protein.txt,0.19723,0.38677,0.00004,0.02614,0.00004,0.00003,0.00006,0.11047,0.00007,0.27914,1
Iweala_and_Nagler_-_2006_-_Immune_privilege_in_the_gut_the_estab.txt,0.02814,0.00002,0.73370,0.21010,0.00024,0.00001,0.00003,0.00774,0.00004,0.01997,2
Dumas_et_al._-_2006_-_Metabolic_profiling_reveals_a_contribution.txt,0.00479,0.00006,0.00006,0.12210,0.00125,0.68161,0.00009,0.00417,0.01308,0.17279,5
Blaser_-_2006_-_Who_are_we_Indigenous_microbes_and_the_ecology_o.txt,0.00004,0.00003,0.00003,0.00003,0.00003,0.00002,0.00004,0.00002,0.99975,0.00002,8
Oh_et_al._-_2006_-_The_complete_genome_sequence_of_a_chronic_atr.txt,0.00182,0.24720,0.00003,0.00002,0.00003,0.00002,0.00004,0.00002,0.00465,0.74616,9
Ley_et_al._-_2006_-_Ecological_and_evolutionary_forces_shaping_m.txt,0.23482,0.04518,0.07696,0.00170,0.05990,0.00002,0.11376,0.42342,0.02180,0.02243,7
OHara_and_Shanahan_-_2006_-_The_gut_flora_as_a_forgotten_organ.txt,0.04861,0.00006,0.68330,0.18779,0.00837,0.00004,0.00010,0.03645,0.03523,0.00005,2
Robinson_-_2006_-_In_the_Guts_Microbial_Community_One_Plus_One_E.txt,0.28738,0.08254,0.00002,0.22191,0.00094,0.00001,0.18891,0.00001,0.17590,0.04238,0
Kochhar_et_al._-_2007_-_SP1_Mapping_of_Gut_Microbiome-Mammalian_.txt,0.01742,0.01816,0.00004,0.14354,0.02157,0.14201,0.38524,0.00003,0.25837,0.01362,6
Turnbaugh_et_al._-_2007_-_The_Human_Microbiome_Project.txt,0.00002,0.00002,0.00002,0.00002,0.00002,0.00001,0.00002,0.99968,0.00019,0.00001,7
Goodacre_-_2007_-_Metabolomics_of_a_superorganism.txt,0.04013,0.00004,0.00128,0.02649,0.00005,0.56323,0.14882,0.00003,0.21990,0.00003,5
Vihavainen_et_al._-_2007_-_Role_of_Broiler_Carcasses_and_Process.txt,0.00005,0.00004,0.00004,0.00004,0.99961,0.00003,0.00006,0.00003,0.00007,0.00003,4
Minieri_and_Di_Nardo_-_2007_-_Nutrients_the_environmental_regula.txt,0.00009,0.00007,0.05799,0.58068,0.00008,0.12687,0.00011,0.00006,0.23399,0.00006,3
Huber_et_al._-_2007_-_Microbial_Population_Structures_in_the_Dee.txt,0.18548,0.00008,0.00009,0.00008,0.12802,0.00267,0.50749,0.10972,0.04628,0.02008,6
Gloux_et_al._-_2007_-_Development_of_High-Throughput_Phenotyping.txt,0.00016,0.35705,0.08425,0.15034,0.29698,0.00969,0.03503,0.06619,0.00022,0.00009,1
Raes_et_al._-_2007_-_Get_the_most_out_of_your_metagenome_computa.txt,0.01234,0.02154,0.00005,0.00004,0.00707,0.00003,0.94825,0.01013,0.00052,0.00003,6
Wei_et_al._-_2007_-_The_Microbial_Community_in_the_Feces_of_the_.txt,0.05915,0.00771,0.00006,0.00224,0.75987,0.00004,0.02142,0.07827,0.00119,0.07006,4
Raes_et_al._-_2007_-_Protein_function_space_viewing_the_limits_o.txt,0.00288,0.07024,0.00287,0.00286,0.00006,0.00004,0.91750,0.00004,0.00235,0.00117,6
Field_and_Kyrpides_-_2007_-_The_Positive_Role_of_the_Ecological_.txt,0.06476,0.00149,0.00150,0.00007,0.00008,0.00076,0.72287,0.00006,0.20836,0.00005,6
Locascio_et_al._-_2007_-_Glycoprofiling_of_bifidobacterial_consu.txt,0.00010,0.22719,0.02931,0.00007,0.06755,0.54049,0.00011,0.00006,0.04961,0.08551,5
Gross_-_2007_-_Human_Gut_Hosts_a_Dynamically_Evolving_Microbial_.txt,0.39234,0.34573,0.00035,0.00032,0.00701,0.00022,0.00049,0.10986,0.14341,0.00025,0
Rawls_et_al._-_2007_-_In_vivo_imaging_and_genetic_analysis_link_.txt,0.65715,0.00003,0.06764,0.00003,0.00004,0.00002,0.00005,0.00175,0.00006,0.27322,0
Warnecke_and_Hugenholtz_-_2007_-_Building_on_basic_metagenomics_.txt,0.07526,0.00009,0.00009,0.00009,0.05049,0.04603,0.82412,0.00007,0.00369,0.00007,6
Schilder_and_Marden_-_2007_-_Metabolic_Syndrome_in_Insects_Trigg.txt,0.25538,0.00014,0.00016,0.54783,0.00017,0.00010,0.00022,0.10607,0.08981,0.00011,3
Dumas_et_al._-_2007_-_Direct_quantitative_trait_locus_mapping_of.txt,0.00008,0.04959,0.00006,0.00064,0.00007,0.89568,0.05195,0.00005,0.00185,0.00004,5
Loscalzo_et_al._-_2007_-_Human_disease_classification_in_the_pos.txt,0.01875,0.06178,0.01265,0.09352,0.00005,0.15089,0.08528,0.00003,0.57701,0.00003,8
Idle_and_Gonzalez_-_2007_-_Metabolomics.txt,0.02895,0.00011,0.00012,0.11070,0.00013,0.41708,0.08426,0.02659,0.30202,0.03004,5
Chen_et_al._-_2007_-_Development_and_Application_of_Real-Time_PC.txt,0.00257,0.12961,0.00005,0.00005,0.82943,0.00003,0.03809,0.00004,0.00009,0.00004,4
Fox_and_Wang_-_2007_-_Inflammation_atrophy_and_gastric_cancer.txt,0.00088,0.00002,0.21098,0.24539,0.00002,0.00001,0.00003,0.00002,0.49036,0.05228,8
Kurokawa_et_al._-_2007_-_Comparative_Metagenomics_Revealed_Commo.txt,0.00006,0.36407,0.05540,0.00049,0.15726,0.00003,0.19758,0.20419,0.02089,0.00003,1
Samuel_et_al._-_2007_-_Genomic_and_metabolic_adaptations_of_Meth.txt,0.00044,0.24915,0.00004,0.00004,0.00004,0.00042,0.00201,0.12400,0.00007,0.62379,9
Ventura_et_al._-_2007_-_Genomics_of_Actinobacteria_Tracing_the_E.txt,0.08606,0.74371,0.03214,0.01916,0.00572,0.00001,0.06636,0.00008,0.04675,0.00001,1
Frank_et_al._-_2007_-_Molecular-phylogenetic_characterization_of.txt,0.00004,0.00003,0.16618,0.00003,0.50844,0.00002,0.00005,0.23880,0.00785,0.07858,4
Klaassens_et_al._-_2007_-_Metaproteomics_Approach_To_Study_the_F.txt,0.00084,0.12721,0.00008,0.00007,0.76892,0.10251,0.00011,0.00006,0.00013,0.00006,4
Neill_-_2007_-_At_the_helm_of_the_NIDDK.txt,0.00041,0.00030,0.00033,0.05375,0.00035,0.00021,0.00047,0.00025,0.94369,0.00024,8
Zhang_and_Gladyshev_-_2007_-_High_content_of_proteins_containing.txt,0.12698,0.52858,0.00007,0.00006,0.00261,0.00004,0.34145,0.00005,0.00011,0.00005,1
Martin_et_al._-_2007_-_A_top-down_systems_biology_view_of_microb.txt,0.01052,0.00213,0.02280,0.03088,0.00003,0.93319,0.00004,0.00002,0.00005,0.00032,5
Rezzi_et_al._-_2007_-_Human_metabolic_phenotypes_link_directly_t.txt,0.00007,0.00005,0.00006,0.03791,0.00006,0.91807,0.01421,0.00061,0.02891,0.00004,5
Clatworthy_et_al._-_2007_-_Targeting_virulence_a_new_paradigm_fo.txt,0.39662,0.03130,0.21559,0.14143,0.00004,0.00002,0.00151,0.00003,0.20944,0.00403,0
Jurkowski_et_al._-_2007_-_Metagenomics_A_Call_for_Bringing_a_New.txt,0.06255,0.00008,0.00009,0.00008,0.00010,0.00006,0.31832,0.00007,0.61858,0.00006,8
Faber_et_al._-_2007_-_Metabonomics_in_Diabetes_Research.txt,0.00058,0.00005,0.00057,0.07347,0.00006,0.74405,0.05643,0.00107,0.12367,0.00004,5
Wilson_-_2007_-_Top-down_versus_bottom-uprediscovering_physiolog.txt,0.15024,0.00014,0.00015,0.00735,0.00016,0.74603,0.00310,0.00011,0.09260,0.00011,5
McHardy_and_Rigoutsos_-_2007_-_Whats_in_the_mix_phylogenetic_cla.txt,0.00736,0.00008,0.00009,0.00008,0.04122,0.00005,0.92505,0.02587,0.00014,0.00006,6
Xu_et_al._-_2007_-_Evolution_of_symbiotic_bacteria_in_the_distal.txt,0.00012,0.99861,0.00001,0.00001,0.00001,0.00001,0.00119,0.00001,0.00002,0.00001,1
Lemberger_-_2007_-_Systems_biology_in_human_health_and_disease.txt,0.07229,0.00868,0.00022,0.00020,0.00024,0.36024,0.04692,0.00017,0.51088,0.00016,8
Wendl_-_2007_-_Random_Covering_of_Multiple_One-Dimensional_Domai.txt,0.00007,0.00005,0.00006,0.02268,0.00006,0.00004,0.83679,0.00004,0.14018,0.00004,6
Neu_-_2007_-_Perinatal_and_neonatal_manipulation_of_the_intestin.txt,0.01295,0.00011,0.60774,0.07577,0.00246,0.00008,0.00017,0.00009,0.29587,0.00474,2
Wexler_-_2007_-_Bacteroides_the_Good_the_Bad_and_the_Nitty-Gritt.txt,0.08129,0.41906,0.35696,0.04607,0.03433,0.00001,0.00028,0.00001,0.06199,0.00001,1
Ruas-Madiedo_et_al._-_2007_-_Screening_of_Exopolysaccharide-Prod.txt,0.00289,0.60710,0.09498,0.00013,0.29415,0.00009,0.00020,0.00011,0.00024,0.00010,1
Stecher_et_al._-_2007_-_Salmonella_enterica_Serovar_Typhimurium_.txt,0.02250,0.01627,0.34799,0.00280,0.19941,0.00002,0.04152,0.00625,0.00283,0.36042,9
Rusch_et_al._-_2007_-_The_Sorcerer_II_Global_Ocean_Sampling_Expe.txt,0.00002,0.19796,0.00001,0.00001,0.03875,0.00001,0.76320,0.00001,0.00002,0.00001,6
Fukata_and_Abreu_-_2007_-_TLR4_signalling_in_the_intestine_in_he.txt,0.00086,0.00007,0.59410,0.38314,0.00009,0.00005,0.00011,0.00006,0.01232,0.00920,2
Peregrn-lvarez_and_Parkinson_-_2007_-_The_global_landscape_of_se.txt,0.05176,0.11001,0.00003,0.00003,0.00092,0.00002,0.82077,0.00894,0.00748,0.00002,6
Ramette_-_2007_-_Multivariate_analyses_in_microbial_ecology.txt,0.01921,0.00002,0.00002,0.00002,0.05276,0.16803,0.75507,0.00481,0.00004,0.00002,6
Schaible_and_Kaufmann_-_2007_-_Malnutrition_and_Infection_Comple.txt,0.00006,0.00005,0.19043,0.38457,0.00005,0.00050,0.00054,0.00051,0.42325,0.00004,8
Ruby_-_2008_-_Symbiotic_conversations_are_revealed_under_genetic.txt,0.99975,0.00001,0.00001,0.00001,0.00001,0.00001,0.00002,0.00001,0.00015,0.00001,0
McGuire_et_al._-_2008_-_Ethical_legal_and_social_considerations_.txt,0.00009,0.00007,0.02258,0.00991,0.02961,0.00005,0.13723,0.06405,0.73637,0.00005,8
McCrea_et_al._-_2008_-_Relationships_of_Nontypeable_Haemophilus_.txt,0.00003,0.53045,0.03239,0.00002,0.40922,0.00002,0.00030,0.00002,0.02753,0.00002,1
Cozzetto_and_Tramontano_-_2008_-_Advances_and_Pitfalls_in_Protei.txt,0.00004,0.02882,0.00004,0.02570,0.00004,0.00002,0.86336,0.00003,0.08192,0.00003,6
Ziring_and_Braun_-_2008_-_Pediatric_Inflammatory_Bowel_Disease_R.txt,0.01432,0.01658,0.35998,0.01658,0.00026,0.00016,0.01436,0.04924,0.52834,0.00018,8
Davies_-_2008_-_Resistance_redux.txt,0.14168,0.00011,0.02889,0.00011,0.03465,0.00008,0.00017,0.00124,0.79299,0.00009,8
Sharma_et_al._-_2008_-_From_bacterial_genomics_to_metagenomics_c.txt,0.04788,0.17979,0.00002,0.00048,0.07020,0.00002,0.65461,0.00002,0.04698,0.00002,6
Mkinen_et_al._-_2008_-_1H_NMR_metabonomics_approach_to_the_disea.txt,0.00004,0.00003,0.00003,0.05606,0.00004,0.67436,0.07552,0.00003,0.19386,0.00002,5
Sanz_et_al._-_2008_-_Insights_into_the_Roles_of_Gut_Microbes_in_.txt,0.00006,0.02935,0.37183,0.39655,0.00142,0.09114,0.00053,0.08932,0.01840,0.00141,3
2008_-_The_Runners-Up.txt,0.10150,0.00130,0.00007,0.03160,0.00007,0.00004,0.25920,0.01118,0.53688,0.05818,8
Pierce_et_al._-_2008_-_The_Complete_Genome_Sequence_of_Moorella_.txt,0.06636,0.73548,0.00003,0.04663,0.00003,0.00002,0.10989,0.03792,0.00312,0.00053,1
Bacic_and_Smith_-_2008_-_Laboratory_Maintenance_and_Cultivation_.txt,0.02099,0.05162,0.00128,0.00003,0.04600,0.00002,0.01255,0.00002,0.14202,0.72546,9
He_et_al._-_2008_-_The_role_of_colonic_metabolism_in_lactose_int.txt,0.00173,0.00005,0.31220,0.19176,0.00006,0.38731,0.00008,0.04921,0.04872,0.00888,5
Dorit_-_2008_-_Marginalia_All_Things_Small_and_Great.txt,0.20311,0.00010,0.00759,0.00010,0.05353,0.00007,0.15185,0.10905,0.47237,0.00222,8
Prentice_et_al._-_2008_-_New_challenges_in_studying_nutrition-di.txt,0.00029,0.00001,0.00015,0.00001,0.00001,0.00001,0.00002,0.00001,0.99948,0.00001,8
Liu_et_al._-_2008_-_Accurate_taxonomy_assignments_from_16S_rRNA_.txt,0.00006,0.00055,0.00005,0.00005,0.08314,0.00003,0.83687,0.07912,0.00009,0.00004,6
McKenna_et_al._-_2008_-_The_Macaque_Gut_Microbiome_in_Health_Len.txt,0.00005,0.00004,0.11622,0.00004,0.42727,0.01042,0.21386,0.20381,0.00601,0.02230,4
Cassler_et_al._-_2008_-_Use_of_Real-Time_qPCR_to_Quantify_Member.txt,0.10516,0.00004,0.00128,0.00004,0.53012,0.00044,0.33640,0.02641,0.00007,0.00003,4
Hord_-_2008_-_Eukaryotic-microbiota_crosstalk_Potential_mechanis.txt,0.02933,0.00003,0.52843,0.20008,0.00003,0.02697,0.01352,0.01906,0.18253,0.00002,2
Frank_-_2008_-_XplorSeq_A_software_environment_for_integrated_ma.txt,0.00007,0.00005,0.00005,0.00005,0.06753,0.00003,0.87624,0.05128,0.00466,0.00004,6
Lebeer_et_al._-_2008_-_Genes_and_Molecules_of_Lactobacilli_Suppo.txt,0.00944,0.42110,0.43948,0.11713,0.00085,0.01149,0.00029,0.00010,0.00011,0.00001,2
Li_et_al._-_2008_-_Symbiotic_gut_microbes_modulate_human_metabol.txt,0.04179,0.00003,0.00003,0.00003,0.21425,0.58135,0.00119,0.12153,0.00005,0.03976,5
Vakhlu_et_al._-_2008_-_Metagenomics_Future_of_microbial_gene_min.txt,0.04985,0.08647,0.00036,0.00003,0.19926,0.00002,0.61571,0.00003,0.04826,0.00002,6
Bushman_et_al._-_2008_-_Massively_Parallel_Pyrosequencing_in_HIV.txt,0.04182,0.00009,0.00659,0.06681,0.08443,0.00006,0.47925,0.00007,0.28467,0.03621,6
Korzenik_-_2008_-_Diverticulitis_New_Frontiers_for_an_Old_Countr.txt,0.00027,0.00021,0.20781,0.12306,0.00024,0.17596,0.00032,0.00017,0.49181,0.00016,8
Suzuki_et_al._-_2008_-_Using_Mahalanobis_distance_to_compare_gen.txt,0.08815,0.36402,0.00005,0.00005,0.02813,0.00003,0.51844,0.00004,0.00105,0.00004,6
Walter_-_2008_-_Ecological_Role_of_Lactobacilli_in_the_Gastroint.txt,0.10072,0.16945,0.40333,0.00003,0.22393,0.00030,0.00004,0.04452,0.05709,0.00059,2
Valdivia-Granda_-_2008_-_The_next_meta-challenge_for_Bioinformat.txt,0.02551,0.00007,0.00008,0.00007,0.00307,0.00005,0.77584,0.00380,0.19145,0.00006,6
de_Wit_et_al._-_2008_-_The_role_of_the_small_intestine_in_the_de.txt,0.00005,0.00004,0.00004,0.75427,0.00314,0.02018,0.04308,0.00003,0.00007,0.17909,3
Young_et_al._-_2008_-_The_Human_Microbiome_and_Infectious_Diseas.txt,0.00033,0.00025,0.13135,0.00025,0.17248,0.00017,0.00038,0.15441,0.53761,0.00276,8
Spiro_et_al._-_2008_-_Drug-therapy_networks_and_the_prediction_o.txt,0.00090,0.00008,0.00088,0.09523,0.00009,0.01829,0.23880,0.00086,0.64482,0.00006,8
Turnbaugh_et_al._-_2008_-_Diet-induced_obesity_is_linked_to_mark.txt,0.00002,0.00001,0.00002,0.00001,0.00002,0.00001,0.00048,0.99939,0.00003,0.00001,7
Bjerketorp_et_al._-_2008_-_Rapid_lab-on-a-chip_profiling_of_huma.txt,0.00007,0.00005,0.01031,0.00005,0.54744,0.08819,0.24866,0.03694,0.03033,0.03797,4
Tito_et_al._-_2008_-_Phylotyping_and_Functional_Analysis_of_Two_.txt,0.00482,0.03738,0.00006,0.00420,0.28086,0.03262,0.33479,0.12563,0.09430,0.08535,6
Peitsaro_et_al._-_2008_-_Evolution_of_a_family_of_metazoan_activ.txt,0.12121,0.50683,0.00007,0.03714,0.00007,0.00004,0.33011,0.00005,0.00011,0.00437,1
Sartor_-_2008_-_Therapeutic_correction_of_bacterial_dysbiosis_di.txt,0.00089,0.00008,0.56200,0.00008,0.09400,0.00005,0.00170,0.13660,0.00014,0.20447,2
Gallo_and_Nizet_-_2008_-_Innate_barriers_against_infection_and_a.txt,0.12678,0.02125,0.37232,0.38662,0.00006,0.00003,0.00057,0.00004,0.09229,0.00004,3
Claus_et_al._-_2008_-_Systemic_multicompartmental_effects_of_the.txt,0.01089,0.00489,0.04002,0.13045,0.00004,0.80867,0.00006,0.00003,0.00007,0.00489,5
Petri_et_al._-_2008_-_Enteric_infections_diarrhea_and_their_impa.txt,0.01955,0.00687,0.38294,0.08745,0.00003,0.00534,0.00004,0.00002,0.49775,0.00002,8
Jones_et_al._-_2008_-_Functional_and_comparative_metagenomic_ana.txt,0.03606,0.29752,0.00729,0.10258,0.10201,0.00002,0.00237,0.30681,0.00005,0.14528,7
Fiehn_-_2008_-_Extending_the_breadth_of_metabolite_profiling_by_.txt,0.00254,0.00005,0.00005,0.00005,0.00154,0.53486,0.31148,0.00004,0.12910,0.02030,5
Flannery_-_2008_-_Beguiling_Bacteria.txt,0.29691,0.00916,0.00014,0.00012,0.00014,0.00009,0.17178,0.03494,0.44276,0.04396,8
Banik_and_Brady_-_2008_-_Cloning_and_Characterization_of_New_Gly.txt,0.00009,0.43583,0.00008,0.00007,0.19127,0.06065,0.09967,0.00006,0.03332,0.17898,1
Wen_et_al._-_2008_-_Innate_immunity_and_intestinal_microbiota_in.txt,0.00004,0.00003,0.00035,0.00003,0.00004,0.00002,0.00005,0.00034,0.00006,0.99905,9
Rabizadeh_and_Sears_-_2008_-_New_Horizons_for_the_Infectious_Dis.txt,0.11187,0.00006,0.55281,0.17031,0.00006,0.00004,0.00008,0.04318,0.12098,0.00061,2
Ley_et_al._-_2008_-_Evolution_of_mammals_and_their_gut_microbes.txt,0.03312,0.00003,0.00003,0.00003,0.00003,0.00002,0.00004,0.96661,0.00005,0.00002,7
Tennyson_and_Friedman_-_2008_-_Microecology_obesity_and_probioti.txt,0.00537,0.00006,0.38868,0.29813,0.05889,0.03705,0.00142,0.17123,0.03911,0.00005,2
Urich_et_al._-_2008_-_Simultaneous_Assessment_of_Soil_Microbial_.txt,0.00005,0.02959,0.00004,0.00004,0.04017,0.00002,0.90043,0.02958,0.00007,0.00003,6
Fbin_et_al._-_2008_-_Salivary_Genomics_Transcriptomics_and_Prote.txt,0.02236,0.00415,0.02166,0.15588,0.14284,0.00963,0.12500,0.00003,0.51532,0.00312,8
Srinivasan_and_Fredricks_-_2008_-_The_Human_Vaginal_Bacterial_Bi.txt,0.00001,0.00012,0.00001,0.00001,0.95189,0.00001,0.00002,0.00001,0.04792,0.00001,4
Hsiao_et_al._-_2008_-_The_Microbes_of_the_Intestine_An_Introduct.txt,0.23133,0.00004,0.22955,0.17505,0.02087,0.00003,0.01557,0.18390,0.08780,0.05586,0
Kussmann_and_Fay_-_2008_-_Nutrigenomics_and_personalized_nutriti.txt,0.01168,0.00874,0.00956,0.36935,0.01007,0.00605,0.01342,0.00712,0.55718,0.00684,8
McGrath_et_al._-_2008_-_Isolation_and_analysis_of_mRNA_from_envi.txt,0.00011,0.05192,0.00009,0.00008,0.37883,0.00006,0.51932,0.00007,0.00015,0.04939,6
Millar_et_al._-_2008_-_New_developments_in_ancient_genomics.txt,0.06952,0.02846,0.00005,0.00004,0.09657,0.00003,0.76684,0.00004,0.03301,0.00545,6
Turnbaugh_and_Gordon_-_2008_-_An_invitation_to_the_marriage_of_m.txt,0.16709,0.06563,0.00007,0.00559,0.00215,0.02282,0.22507,0.46241,0.04912,0.00005,7
Schloss_and_Handelsman_-_2008_-_A_statistical_toolbox_for_metage.txt,0.00006,0.02269,0.00005,0.00178,0.05362,0.00003,0.83627,0.08540,0.00008,0.00003,6
Czarnecki-Maulden_-_2008_-_Effect_of_dietary_modulation_of_intes.txt,0.00012,0.00009,0.46890,0.05218,0.02429,0.15912,0.00014,0.00007,0.29503,0.00007,2
Turroni_et_al._-_2008_-_Human_gut_microbiota_and_bifidobacteria_.txt,0.09855,0.20750,0.18945,0.00003,0.25628,0.00002,0.03489,0.21320,0.00006,0.00002,4
Domnguez-Bello_et_al._-_2008_-_Amerindian_Helicobacter_pylori_St.txt,0.11394,0.09745,0.00007,0.00007,0.07552,0.00005,0.25454,0.03503,0.42328,0.00005,8
Oakley_et_al._-_2008_-_Diversity_of_human_vaginal_bacterial_comm.txt,0.00169,0.00005,0.00060,0.00005,0.72165,0.00004,0.19196,0.04382,0.04009,0.00004,4
Lanzoni_et_al._-_2008_-_Inflammatory_bowel_disease_Moving_toward.txt,0.00041,0.00003,0.51563,0.34161,0.00040,0.00002,0.00005,0.00218,0.11990,0.01976,2
Kunin_et_al._-_2008_-_Millimeter-scale_genetic_gradients_and_com.txt,0.00455,0.20036,0.00008,0.00007,0.00008,0.11429,0.63212,0.04827,0.00013,0.00006,6
Qu_et_al._-_2008_-_Comparative_Metagenomics_Reveals_Host_Specifi.txt,0.00003,0.00002,0.00002,0.00002,0.15863,0.00001,0.21337,0.62786,0.00003,0.00001,7
Britton_and_Versalovic_-_2008_-_Probiotics_and_Gastrointestinal_.txt,0.00002,0.00015,0.99973,0.00001,0.00002,0.00001,0.00002,0.00001,0.00002,0.00001,2
Bougnres_and_Valleron_-_2008_-_Causes_of_early-onset_type_1_diab.txt,0.00010,0.00008,0.00170,0.23369,0.00009,0.16172,0.05913,0.02593,0.51749,0.00006,8
Pop_and_Salzberg_-_2008_-_Bioinformatics_challenges_of_new_seque.txt,0.00492,0.01596,0.00005,0.00004,0.00005,0.00003,0.91202,0.00003,0.06686,0.00003,6
Camilleri_-_2008_-_Asimadoline_a_-Opioid_Agonist_and_Visceral_Se.txt,0.00007,0.00005,0.05076,0.76593,0.00006,0.04049,0.00008,0.00004,0.14248,0.00004,3
Are_et_al._-_2008_-_Enterococcus_faecalis_from_newborn_babies_re.txt,0.00102,0.00036,0.08757,0.68794,0.03258,0.00002,0.00005,0.00003,0.00038,0.19006,3
Raloff_and_R._-_2008_-_Nurturing_Our_Microbes_Stewardship_of_the.txt,0.02397,0.00011,0.20811,0.11602,0.00012,0.08565,0.00016,0.03908,0.47360,0.05316,8
Ehrlich_et_al._-_2008_-_What_makes_pathogens_pathogenic.txt,0.33001,0.22452,0.12301,0.00005,0.01303,0.00286,0.06156,0.01922,0.22400,0.00173,0
Brennan_-_2008_-_Metabolomic_applications_in_nutritional_researc.txt,0.00010,0.00086,0.00245,0.00008,0.00009,0.78959,0.00012,0.00006,0.20659,0.00006,5
Honey_-_2008_-_Good_bugs_bad_bugs_learning_what_we_can_from_the_.txt,0.05193,0.00403,0.00774,0.00035,0.00041,0.00025,0.12918,0.00029,0.76879,0.03703,8
Lozupone_and_Knight_-_2008_-_Species_Divergence_and_the_Measurem.txt,0.00049,0.00002,0.00002,0.00002,0.05285,0.00002,0.56961,0.37691,0.00004,0.00002,6
Oshima_et_al._-_2008_-_Complete_Genome_Sequence_and_Comparative_.txt,0.04594,0.73750,0.04713,0.00006,0.07429,0.00004,0.07492,0.01031,0.00011,0.00970,1
Wilmes_et_al._-_2008_-_Metaproteomics_Provides_Functional_Insigh.txt,0.00044,0.42809,0.00004,0.04956,0.19579,0.09672,0.22607,0.00003,0.00322,0.00003,1
Vaishnava_et_al._-_2008_-_Paneth_cells_directly_sense_gut_commen.txt,0.01785,0.00003,0.57374,0.00003,0.00040,0.00038,0.00326,0.00003,0.00006,0.40422,2
Yooseph_et_al._-_2008_-_Gene_identification_and_protein_classifi.txt,0.00005,0.02595,0.00004,0.00046,0.00005,0.00003,0.97245,0.00045,0.00049,0.00003,6
Wang_-_2008_-_Editorial.txt,0.00687,0.00031,0.08419,0.11963,0.00036,0.00022,0.01983,0.00025,0.76810,0.00024,8
Lombardo_-_2008_-_Access_to_Mutualistic_Endosymbiotic_Microbes_A.txt,0.80811,0.00002,0.02439,0.00002,0.00002,0.00001,0.00224,0.02196,0.14321,0.00002,0
Beasley_-_2008_-_MICROBE_MANAGEMENT.txt,0.01446,0.00124,0.00136,0.02684,0.00143,0.01366,0.01471,0.14187,0.75783,0.02658,8
Lenard_and_Berthoud_-_2008_-_Central_and_Peripheral_Regulation_o.txt,0.00004,0.00003,0.00348,0.91571,0.00003,0.00002,0.02018,0.00002,0.06046,0.00002,3
Huyghe_et_al._-_2008_-_Novel_Microarray_design_strategy_to_study.txt,0.00148,0.04492,0.01328,0.00241,0.66842,0.06522,0.18476,0.00004,0.01284,0.00665,4
Dowd_et_al._-_2008_-_Evaluation_of_the_bacterial_diversity_in_th.txt,0.06062,0.00005,0.09115,0.00005,0.53821,0.02847,0.17911,0.03585,0.06644,0.00004,4
Dinsdale_et_al._-_2008_-_Microbial_Ecology_of_Four_Coral_Atolls_.txt,0.06367,0.01032,0.00002,0.00119,0.11373,0.00002,0.63198,0.00002,0.08450,0.09454,6
Huys_et_al._-_2008_-_Application_of_Sequence-Dependent_Electroph.txt,0.01086,0.00001,0.18387,0.00031,0.66423,0.05993,0.06243,0.00001,0.01834,0.00001,4
OToole_and_Cooney_-_2008_-_Probiotic_Bacteria_Influence_the_Comp.txt,0.00053,0.02468,0.51328,0.05862,0.18740,0.08882,0.00053,0.04048,0.08562,0.00004,2
Hawkins_et_al._-_2008_-_New_paradigm_in_protein_function_predict.txt,0.00006,0.02953,0.00005,0.00754,0.00305,0.01303,0.89559,0.00004,0.05106,0.00004,6
Mardis_-_2008_-_Next-generation_DNA_sequencing_methods.txt,0.03722,0.00003,0.00004,0.03406,0.04844,0.00002,0.79413,0.00003,0.08599,0.00003,6
Chikayama_et_al._-_2008_-_Systematic_NMR_Analysis_of_Stable_Isot.txt,0.04485,0.00073,0.00004,0.00703,0.00004,0.67729,0.19711,0.00808,0.05956,0.00528,5
Thiele_and_Gitlin_-_2008_-_Assembling_the_pieces.txt,0.34698,0.00505,0.00011,0.23496,0.00209,0.02187,0.10321,0.00008,0.28558,0.00008,0
Srikanth_and_McCormick_-_2008_-_Interactions_of_the_Intestinal_E.txt,0.09318,0.05104,0.77788,0.06853,0.00003,0.00231,0.00004,0.00002,0.00693,0.00002,2
Burow_et_al._-_2008_-_Anaerobic_glyoxylate_cycle_activity_during.txt,0.00006,0.41343,0.00005,0.10260,0.21102,0.14397,0.03785,0.00004,0.00008,0.09090,1
Mazmanian_et_al._-_2008_-_A_microbial_symbiosis_factor_prevents_.txt,0.01311,0.00005,0.41387,0.06184,0.00517,0.00004,0.00008,0.00061,0.04205,0.46317,9
Armougom_and_Raoult_-_2008_-_Use_of_pyrosequencing_and_DNA_barco.txt,0.00007,0.00005,0.00006,0.00005,0.20928,0.00004,0.54834,0.24198,0.00010,0.00004,6
Yin_et_al._-_2008_-_Traditional_Chinese_Medicine_in_Treatment_of.txt,0.00141,0.00003,0.00003,0.95297,0.00003,0.01652,0.00004,0.00002,0.02865,0.00030,3
Sibley_et_al._-_2008_-_A_polymicrobial_perspective_of_pulmonary_.txt,0.00060,0.00003,0.00003,0.00003,0.60652,0.00002,0.00004,0.00002,0.29825,0.09447,4
Devirgihis_et_al._-_2008_-_Antibiotic_resistance_and_microbial_c.txt,0.00587,0.07359,0.00006,0.00006,0.78346,0.00004,0.00009,0.00005,0.12575,0.01105,4
Lee_et_al._-_2008_-_Comparative_genomic_analysis_of_the_gut_bact.txt,0.01552,0.71703,0.02447,0.00004,0.08066,0.00003,0.11651,0.00003,0.00007,0.04563,1
Martin_et_al._-_2008_-_Top-down_systems_biology_integration_of_c.txt,0.00695,0.00003,0.04955,0.02479,0.00003,0.91390,0.00004,0.00002,0.00466,0.00002,5
Evans_et_al._-_2008_-_The_DAF-2_Insulin-like_Signaling_Pathway_I.txt,0.16665,0.02739,0.00004,0.27640,0.00004,0.00002,0.00112,0.00003,0.00006,0.52825,9
Wang_et_al._-_2008_-_Human_Symbiont_Bacteroides_thetaiotaomicron.txt,0.05608,0.67625,0.07425,0.00013,0.00015,0.07030,0.00019,0.03391,0.00153,0.08721,1
Fearnside_et_al._-_2008_-_Phylometabonomic_Patterns_of_Adaptatio.txt,0.00710,0.00156,0.00005,0.16629,0.00006,0.70065,0.05984,0.00004,0.00009,0.06432,5
Krause_et_al._-_2008_-_Phylogenetic_classification_of_short_envi.txt,0.01601,0.01198,0.01310,0.01189,0.01380,0.00829,0.14200,0.75138,0.02217,0.00937,7
Sela_et_al._-_2008_-_The_genome_sequence_of_Bifidobacterium_long.txt,0.06983,0.69736,0.01748,0.00003,0.00003,0.06259,0.03103,0.03793,0.01871,0.06500,1
Zhang_and_Gladyshev_-_2008_-_Trends_in_Selenium_Utilization_in_M.txt,0.00006,0.38501,0.00005,0.02033,0.01472,0.00003,0.57881,0.00090,0.00008,0.00003,6
Eaton_et_al._-_2008_-_Pathogenesis_of_Renal_Disease_Due_to_Enter.txt,0.00006,0.04337,0.47085,0.00225,0.03276,0.01727,0.00007,0.00003,0.02174,0.41160,2
Park_and_Kim_-_2008_-_A_biological_treasure_metagenome_pave_a_wa.txt,0.06151,0.06559,0.00005,0.00466,0.03539,0.02973,0.68719,0.00055,0.11529,0.00004,6
Markowitz_et_al._-_2008_-_IMGM_a_data_management_and_analysis_sy.txt,0.00008,0.00253,0.00068,0.00006,0.00007,0.00004,0.97223,0.02168,0.00258,0.00005,6
Dahl_and_Yamada_-_2008_-_Global_health_inequity_scientific_chall.txt,0.01628,0.00016,0.00017,0.00015,0.00018,0.00011,0.01953,0.00013,0.96317,0.00012,8
Martin_et_al._-_2008_-_Probiotic_modulation_of_symbiotic_gut_mic.txt,0.00723,0.00520,0.07047,0.00175,0.00003,0.90425,0.00004,0.00002,0.01098,0.00002,5
Andersson_et_al._-_2008_-_Comparative_Analysis_of_Human_Gut_Micr.txt,0.00008,0.00006,0.00006,0.00006,0.47366,0.00004,0.32801,0.12594,0.02349,0.04860,4
Fierer_et_al._-_2008_-_The_influence_of_sex_handedness_and_washi.txt,0.00005,0.00074,0.00109,0.00003,0.64763,0.00037,0.10664,0.15290,0.00006,0.09049,4
Mishra_et_al._-_2008_-_Lipopolysaccharide_increases_cell_surface.txt,0.00008,0.06720,0.23246,0.51068,0.03751,0.00004,0.00010,0.00134,0.01238,0.13819,3
Liolios_et_al._-_2008_-_The_Genomes_On_Line_Database_GOLD_in_200.txt,0.00006,0.00005,0.00055,0.00005,0.00006,0.00003,0.99904,0.00004,0.00009,0.00004,6
Yap_et_al._-_2008_-_Metabonomic_and_microbiological_analysis_of_.txt,0.00007,0.05208,0.00006,0.00006,0.00006,0.87918,0.06829,0.00005,0.00010,0.00004,5
Kunin_et_al._-_2008_-_A_Bioinformaticians_Guide_to_Metagenomics.txt,0.00258,0.04885,0.00002,0.00002,0.03621,0.00001,0.91162,0.00001,0.00051,0.00017,6
Medini_et_al._-_2008_-_Microbiology_in_the_post-genomic_era.txt,0.19651,0.13431,0.00636,0.00030,0.03057,0.00057,0.48930,0.01681,0.12525,0.00002,6
Azcarate-Peril_et_al._-_2008_-_Analysis_of_the_Genome_Sequence_o.txt,0.00029,0.76937,0.07775,0.00002,0.06705,0.03111,0.04005,0.00027,0.00005,0.01404,1
Blaser_and_Valentine_-_2008_-_Viral_Commensalism_in_Humans.txt,0.00103,0.00005,0.00005,0.00005,0.00005,0.00003,0.00007,0.00004,0.99860,0.00004,8
Tamames_and_Moya_-_2008_-_Estimating_the_extent_of_horizontal_ge.txt,0.00004,0.05764,0.00003,0.00003,0.00004,0.00002,0.90958,0.03124,0.00038,0.00099,6
Pham_et_al._-_2008_-_Methods_for_generating_and_colonizing_gnoto.txt,0.13419,0.00029,0.00003,0.00003,0.00082,0.00054,0.00319,0.00002,0.13551,0.72539,9
Li_et_al._-_2008_-_Probing_Metagenomics_by_Rapid_Cluster_Analysi.txt,0.00066,0.06805,0.00006,0.00006,0.00065,0.00004,0.93028,0.00005,0.00011,0.00004,6
2008_-_In_This_Issue.txt,0.12025,0.13702,0.04022,0.33698,0.00024,0.00014,0.09924,0.00017,0.21718,0.04857,3
Mansfield_et_al._-_2008_-_Genetic_background_of_IL-10_mice_alter.txt,0.00004,0.00348,0.20089,0.00291,0.08694,0.00002,0.00925,0.00002,0.04581,0.65065,9
Scanlan_et_al._-_2008_-_Human_methanogen_diversity_and_incidence.txt,0.00008,0.05614,0.06152,0.00006,0.64979,0.01436,0.07705,0.09670,0.02875,0.01556,4
Wolowczuk_et_al._-_2008_-_Feeding_Our_Immune_System_Impact_on_Me.txt,0.00931,0.00002,0.43367,0.51915,0.00002,0.00930,0.00003,0.01215,0.01633,0.00001,3
Frank_and_Pace_-_2008_-_Gastrointestinal_microbiology_enters_the.txt,0.03051,0.00006,0.21434,0.00068,0.40067,0.00004,0.07586,0.23730,0.04048,0.00005,4
Chhour_et_al._-_2008_-_The_microbiome_of_the_cloacal_openings_of.txt,0.06621,0.05877,0.01626,0.00209,0.69234,0.00005,0.03654,0.07630,0.05140,0.00005,4
Saric_et_al._-_2008_-_Metabolic_Profiling_of_an_Echinostoma_capr.txt,0.00005,0.00003,0.00716,0.02567,0.00004,0.77536,0.01002,0.00003,0.07055,0.11109,5
Schmidt_and_Mangelsdorf_-_2008_-_Nuclear_receptors_of_the_enteri.txt,0.00005,0.03332,0.11901,0.82280,0.00005,0.00252,0.00006,0.00170,0.02046,0.00003,3
Nathan_-_2008_-_Epidemic_Inflammation_Pondering_Obesity.txt,0.00006,0.05372,0.02924,0.70811,0.00005,0.00003,0.00007,0.00004,0.20864,0.00004,3
Huang_et_al._-_2008_-_Focal_Point_Theory_Models_for_Dissecting_D.txt,0.55740,0.05265,0.15450,0.00005,0.00006,0.00060,0.00064,0.00004,0.23344,0.00060,0
Schenk_et_al._-_2008_-_Plant-Microbe_and_Plant-Insect_Interactio.txt,0.52800,0.00008,0.05109,0.09562,0.00090,0.00005,0.00012,0.00330,0.32077,0.00006,0
German_et_al._-_2008_-_Human_Milk_Oligosaccharides_Evolution_Str.txt,0.06697,0.13038,0.18517,0.00006,0.00006,0.34143,0.00528,0.00754,0.26249,0.00062,5
Zaneveld_et_al._-_2008_-_Host-bacterial_coevolution_and_the_sear.txt,0.32730,0.00004,0.00005,0.00004,0.00005,0.00003,0.10189,0.50602,0.06455,0.00003,7
Foerstner_et_al._-_2008_-_A_Computational_Screen_for_Type_I_Poly.txt,0.02129,0.08033,0.00063,0.00006,0.00006,0.00004,0.89625,0.00005,0.00125,0.00004,6
Foerstner_et_al._-_2008_-_A_Nitrile_Hydratase_in_the_Eukaryote_M.txt,0.02013,0.31060,0.00011,0.00010,0.00012,0.00007,0.66536,0.00008,0.00229,0.00113,6
Huse_et_al._-_2008_-_Exploring_Microbial_Diversity_and_Taxonomy_.txt,0.00002,0.00002,0.00002,0.00002,0.08939,0.00001,0.91045,0.00001,0.00003,0.00001,6
Weiss_et_al._-_2008_-_An_insect_symbiosis_is_influenced_by_bacte.txt,0.53633,0.08868,0.06699,0.00883,0.00004,0.00002,0.00036,0.00002,0.00006,0.29866,0
Murdoch_et_al._-_2008_-_Urinary_metabolic_profiles_of_inflammato.txt,0.00008,0.00006,0.19928,0.03587,0.00203,0.63868,0.00075,0.00005,0.00337,0.11983,5
Mshvildadze_et_al._-_2008_-_Intestinal_microbiota_development_in.txt,0.00008,0.00006,0.40695,0.00006,0.43690,0.00135,0.01377,0.02284,0.11795,0.00005,4
Denou_et_al._-_2008_-_Identification_of_Genes_Associated_with_th.txt,0.00005,0.51627,0.12426,0.00004,0.11807,0.06775,0.00006,0.00003,0.00510,0.16837,1
Brotman_and_Ravel_-_2008_-_Editorial_Commentary_Ready_or_Not_the.txt,0.00022,0.00185,0.00691,0.00016,0.39912,0.00011,0.00025,0.00013,0.59112,0.00013,8
Walk_and_Young_-_2008_-_Emerging_Insights_into_Antibiotic-Associ.txt,0.00007,0.01268,0.34562,0.00006,0.30487,0.00061,0.03166,0.10280,0.20159,0.00004,2
Lynch_and_Wiener-Kronish_-_2008_-_Novel_Strategies_to_Combat_Bac.txt,0.32776,0.00005,0.29714,0.10559,0.01167,0.00004,0.00008,0.00004,0.25760,0.00004,0
Richter_et_al._-_2008_-_MetaSimA_Sequencing_Simulator_for_Genomi.txt,0.00785,0.00117,0.00006,0.00061,0.00284,0.00004,0.98614,0.00004,0.00121,0.00004,6
Maher_et_al._-_2008_-_Beyond_Insulin_Resistance_Innate_Immunity_.txt,0.01601,0.00004,0.10195,0.86797,0.00005,0.00003,0.00007,0.00136,0.01248,0.00003,3
Ivanov_et_al._-_2008_-_Specific_microbiota_direct_the_differenti.txt,0.00005,0.00004,0.39034,0.18725,0.05010,0.00166,0.00006,0.00817,0.00007,0.36225,2
Gao_et_al._-_2008_-_Substantial_Alterations_of_the_Cutaneous_Bac.txt,0.00003,0.00002,0.00003,0.00002,0.99951,0.00002,0.00028,0.00002,0.00004,0.00002,4
Frias-Lopez_et_al._-_2008_-_Microbial_community_gene_expression_.txt,0.00004,0.04798,0.00003,0.00139,0.00003,0.00002,0.86950,0.00438,0.00250,0.07413,6
Peterson_et_al._-_2008_-_Metagenomic_Approaches_for_Defining_the.txt,0.00002,0.00016,0.24753,0.00001,0.00002,0.00001,0.00002,0.75220,0.00003,0.00001,7
Somm_et_al._-_2008_-_Prenatal_Nicotine_Exposure_Alters_Early_Pan.txt,0.00045,0.00004,0.00004,0.70372,0.03071,0.08087,0.00006,0.00003,0.05662,0.12746,3
Dominguez-Bello_and_Blaser_-_2008_-_Do_you_have_a_probiotic_in_y.txt,0.01630,0.00005,0.53631,0.00005,0.00006,0.00003,0.00008,0.11774,0.32935,0.00004,2
Allen_and_Stabler_-_2008_-_Identification_and_quantitation_of_co.txt,0.00006,0.03685,0.00005,0.03881,0.07709,0.66880,0.00007,0.00004,0.02707,0.15116,5
Mardis_-_2008_-_The_impact_of_next-generation_sequencing_technol.txt,0.03313,0.04711,0.00004,0.02591,0.05645,0.00003,0.71335,0.00003,0.11161,0.01233,6
Foxman_et_al._-_2008_-_Conceptualizing_Human_Microbiota__From_Mu.txt,0.17886,0.00008,0.20119,0.00008,0.01844,0.00005,0.09828,0.09742,0.40554,0.00006,8
Begley_et_al._-_2008_-_Analysis_of_the_Isoprenoid_Biosynthesis_P.txt,0.02607,0.49515,0.05903,0.05949,0.13985,0.00003,0.00657,0.00050,0.00008,0.21322,1
Yilmaz_-_2008_-_The_chronicles_of_Porphyromonas_gingivalis_the_m.txt,0.20085,0.01130,0.31782,0.32793,0.02256,0.00060,0.00008,0.00004,0.11877,0.00004,3
Khachatryan_et_al._-_2008_-_Predominant_Role_of_Host_Genetics_in.txt,0.04561,0.00030,0.12737,0.12212,0.55913,0.00610,0.05888,0.02267,0.01607,0.04173,4
Kekkonen_et_al._-_2008_-_Effect_of_probiotic_Lactobacillus_rhamn.txt,0.00009,0.00007,0.17414,0.24405,0.02047,0.45231,0.02196,0.00006,0.08388,0.00297,5
Simmons_et_al._-_2008_-_Population_Genomic_Analysis_of_Strain_Va.txt,0.00207,0.29372,0.00093,0.00025,0.00003,0.00002,0.70133,0.00002,0.00163,0.00002,6
Dotson_et_al._-_2008_-_Bitter_Taste_Receptors_Influence_Glucose_.txt,0.00342,0.03965,0.00006,0.58452,0.04747,0.08481,0.14118,0.00004,0.03468,0.06418,3
Gaskins_et_al._-_2008_-_Impact_of_the_Intestinal_Microbiota_on_t.txt,0.15525,0.00006,0.32963,0.00006,0.12142,0.00004,0.00010,0.17047,0.16854,0.05442,2
Jacobs_et_al._-_2008_-_H-1_NMR_metabolite_profiling_of_feces_as_.txt,0.00005,0.00004,0.03353,0.01368,0.04510,0.89417,0.00006,0.00003,0.01330,0.00003,5
Jain_et_al._-_2008_-_Phenotypic_Switching_in_Fungi.txt,0.50831,0.09686,0.07208,0.10867,0.00007,0.00004,0.00658,0.00123,0.13056,0.07560,0
Alverdy_and_Chang_-_2008_-_The_re-emerging_role_of_the_intestina.txt,0.14339,0.00007,0.62253,0.07634,0.03321,0.00390,0.00011,0.00006,0.08950,0.03087,2
Dantas_et_al._-_2008_-_Bacteria_Subsisting_on_Antibiotics.txt,0.14750,0.30324,0.00009,0.11649,0.08216,0.00006,0.07047,0.00007,0.13498,0.14494,1
Sobel_et_al._-_2008_-_The_Evolution_of_Molecular_Genetic_Patholo.txt,0.01188,0.00009,0.00010,0.03535,0.04026,0.00007,0.14313,0.00008,0.74546,0.02358,8
Paxson_-_2008_-_Post-Pasteurian_Cultures_The_Microbiopolitics_of.txt,0.05701,0.00002,0.00002,0.00002,0.03205,0.00024,0.02742,0.00002,0.84742,0.03579,8
Canny_and_McCormick_-_2008_-_Bacteria_in_the_Intestine_Helpful_R.txt,0.05240,0.02088,0.76378,0.15781,0.00003,0.00002,0.00003,0.00024,0.00480,0.00002,2
Hotamisligil_and_Erbay_-_2008_-_Nutrient_sensing_and_inflammatio.txt,0.03759,0.00003,0.05047,0.87994,0.00003,0.00002,0.00004,0.00002,0.03185,0.00002,3
Lau_et_al._-_2008_-_Nutrigenomic_Analysis_of_Diet-Gene_Interacti.txt,0.00005,0.00004,0.00004,0.67799,0.00004,0.08127,0.03024,0.00003,0.18754,0.02276,3
Grun_et_al._-_2008_-_GC-MS_methods_for_metabolic_profiling_of_mi.txt,0.00007,0.00005,0.00006,0.00005,0.02730,0.89438,0.05678,0.00004,0.00343,0.01783,5
Chang_et_al._-_2008_-_Decreased_Diversity_of_the_Fecal_Microbiom.txt,0.00302,0.00014,0.12195,0.00014,0.30182,0.00010,0.00021,0.02560,0.41097,0.13607,8
Grice_et_al._-_2008_-_A_diversity_profile_of_the_human_skin_micr.txt,0.00005,0.00004,0.00004,0.00004,0.51614,0.00003,0.18326,0.20401,0.07302,0.02336,4
Foster_et_al._-_2008_-_Application_of_Ecological_Network_Theory_.txt,0.18666,0.00073,0.06713,0.00006,0.25371,0.00403,0.11563,0.07508,0.29691,0.00005,8
Munford_-_2008_-_Sensing_Gram-Negative_Bacterial_Lipopolysacchar.txt,0.02224,0.00001,0.97379,0.00001,0.00002,0.00001,0.00373,0.00001,0.00017,0.00001,2
Fiocchi_-_2008_-_Future_of_IBD_Pathogenesis_How_Much_Work_Is_Lef.txt,0.03166,0.02370,0.02591,0.02352,0.02730,0.01640,0.03638,0.01929,0.77729,0.01854,8
Manichanh_et_al._-_2008_-_A_comparison_of_random_sequence_reads_.txt,0.00188,0.00006,0.00006,0.00006,0.37068,0.00004,0.62701,0.00005,0.00011,0.00005,6
Lintner_et_al._-_2008_-_Limited_functional_conservation_of_a_glo.txt,0.01351,0.44394,0.00002,0.11739,0.03425,0.00001,0.23900,0.00002,0.00004,0.15181,1
Helmerhorst_et_al._-_2008_-_Identification_of_Lys-Pro-Gln_as_a_N.txt,0.00594,0.18487,0.00006,0.34138,0.02463,0.29329,0.06792,0.00004,0.03588,0.04598,3
Pride_and_Schoenfeld_-_2008_-_Genome_signature_analysis_of_therm.txt,0.03706,0.03705,0.00101,0.00005,0.00005,0.00003,0.90344,0.02118,0.00009,0.00004,6
Gopalan_and_Ausubel_-_2008_-_A_Metasystem_of_Framework_Model_Org.txt,0.38876,0.00005,0.03921,0.04088,0.00118,0.00004,0.08006,0.00004,0.10077,0.34902,0
Hsieh_and_Versalovic_-_2008_-_The_human_microbiome_and_probiotic.txt,0.00001,0.00001,0.58422,0.00001,0.00001,0.00001,0.00002,0.00001,0.41569,0.00001,2
Ley_et_al._-_2008_-_Worlds_within_worlds_evolution_of_the_verteb.txt,0.18967,0.00002,0.00002,0.00002,0.00002,0.00020,0.05804,0.72939,0.02261,0.00001,7
Carten_and_Farber_-_2009_-_A_new_model_system_swims_into_focus_u.txt,0.04190,0.03137,0.03430,0.03114,0.35972,0.02171,0.04815,0.02554,0.05804,0.34813,4
LACKNER_et_al._-_2009_-_The_Gastrointestinal_Tract_and_AIDS_Path.txt,0.04190,0.03137,0.03430,0.03114,0.35972,0.02171,0.04815,0.34913,0.05804,0.02454,4
Kosakovsky_Pond_et_al._-_2009_-_Windshield_splatter_analysis_wit.txt,0.04190,0.03137,0.03430,0.67832,0.03613,0.02171,0.04815,0.02554,0.05804,0.02454,3
Baba_et_al._-_2009_-_Selected_commensal-related_bacteria_and_Tol.txt,0.04190,0.35496,0.03430,0.03114,0.03613,0.02171,0.04815,0.02554,0.38163,0.02454,8
LoCascio_et_al._-_2009_-_A_versatile_and_scalable_strategy_for_g.txt,0.04190,0.35496,0.03430,0.03114,0.03613,0.34530,0.04815,0.02554,0.05804,0.02454,1
Culligan_et_al._-_2009_-_Probiotics_and_gastrointestinal_disease(1).txt,0.04190,0.03137,0.03430,0.35473,0.03613,0.02171,0.04815,0.02554,0.05804,0.34813,3
Basdevant_and_Ciangura_-_2009_-_New_insights_into_obesity.txt,0.36549,0.03137,0.03430,0.35473,0.03613,0.02171,0.04815,0.02554,0.05804,0.02454,0
Hamady_and_Knight_-_2009_-_Microbial_community_profiling_for_hum.txt,0.04190,0.03137,0.03430,0.03114,0.03613,0.02171,0.69533,0.02554,0.05804,0.02454,6
Castro_et_al._-_2009_-_Strategic_Plan_for_Pediatric_Respiratory_.txt,0.04190,0.03137,0.03430,0.03114,0.03613,0.02171,0.37174,0.34913,0.05804,0.02454,6
Davies_-_2009_-_Darwin_and_microbiomes.txt,0.36549,0.03137,0.03430,0.03114,0.03613,0.02171,0.04815,0.02554,0.05804,0.34813,0
De_Vos_-_2009_-_Mining_the_microbes__the_human_microbiome_as_mod.txt,0.04190,0.03137,0.03430,0.03114,0.03613,0.02171,0.04815,0.02554,0.38163,0.34813,8
Falony_et_al._-_2009_-_Coculture_Fermentations_of_Bifidobacteriu.txt,0.04190,0.03137,0.35789,0.03114,0.35972,0.02171,0.04815,0.02554,0.05804,0.02454,4
Clayton_et_al._-_2009_-_Pharmacometabonomic_identification_of_a_.txt,0.04190,0.35496,0.03430,0.03114,0.03613,0.02171,0.04815,0.02554,0.38163,0.02454,8
Baba_et_al._-_2009_-_Selected_commensal-related_bacteria_and_Tol(1).txt,0.04190,0.03137,0.03430,0.03114,0.03613,0.02171,0.04815,0.34913,0.38163,0.02454,8
Dinalo_and_Relman_-_2009_-_Cross-talk_in_the_gut.txt,0.04190,0.03137,0.03430,0.03114,0.35972,0.02171,0.37174,0.02554,0.05804,0.02454,6
Bisseling_et_al._-_2009_-_Editorial_Next-Generation_Communicatio.txt,0.04190,0.03137,0.03430,0.03114,0.03613,0.02171,0.04815,0.67272,0.05804,0.02454,7
Hunter_-_2009_-_The_secret_garden._The_human_digestive_system_is.txt,0.04190,0.03137,0.03430,0.03114,0.03613,0.02171,0.04815,0.02554,0.38163,0.34813,8
Ahmed_et_al._-_2009_-_Gut_Pathogens_enteric_health_at_the_interf(1).txt,0.36549,0.03137,0.03430,0.03114,0.03613,0.02171,0.37174,0.02554,0.05804,0.02454,6
Anderson_-_2009_-_Structural_Genomics_and_Drug_Discovery_for_Inf.txt,0.04190,0.03137,0.03430,0.03114,0.35972,0.02171,0.04815,0.02554,0.38163,0.02454,8
Copeland_et_al._-_2009_-_Complete_genome_sequence_of_Atopobium_p.txt,0.04190,0.03137,0.03430,0.03114,0.03613,0.34530,0.04815,0.34913,0.05804,0.02454,7
Jones_and_Versalovic_-_2009_-_Probiotic_Lactobacillus_reuteri_bi.txt,0.36549,0.03137,0.03430,0.35473,0.03613,0.02171,0.04815,0.02554,0.05804,0.02454,0
Li_et_al._-_2009_-_Bioprospecting_metagenomes_glycosyl_hydrolase.txt,0.36549,0.03137,0.03430,0.03114,0.03613,0.02171,0.04815,0.02554,0.38163,0.02454,8
Kinross_et_al._-_2009_-_Intestinal_ischemiareperfusion_injury_de.txt,0.04190,0.03137,0.35789,0.03114,0.03613,0.02171,0.04815,0.02554,0.05804,0.34813,2
Goodman_et_al._-_2009_-_Identifying_genetic_determinants_needed_.txt,0.04190,0.03137,0.03430,0.03114,0.35972,0.02171,0.04815,0.02554,0.38163,0.02454,8
Berg_Miller_et_al._-_2009_-_Diversity_and_Strain_Specificity_of_.txt,0.04190,0.03137,0.03430,0.03114,0.03613,0.02171,0.37174,0.02554,0.38163,0.02454,8
Dougherty_et_al._-_2009_-_EGFR_is_required_for_Colonic_Tumor_Pro.txt,0.36549,0.03137,0.03430,0.35473,0.03613,0.02171,0.04815,0.02554,0.05804,0.02454,0
Kinross_et_al._-_2009_-_The_Gut_Microbiota_as_a_Target_for_Impro.txt,0.04190,0.03137,0.03430,0.03114,0.03613,0.66889,0.04815,0.02554,0.05804,0.02454,5
Collino_et_al._-_2009_-_Monitoring_Healthy_Metabolic_Trajectorie.txt,0.04190,0.03137,0.68148,0.03114,0.03613,0.02171,0.04815,0.02554,0.05804,0.02454,2
Huson_et_al._-_2009_-_Methods_for_comparative_metagenomics.txt,0.04190,0.03137,0.35789,0.03114,0.03613,0.02171,0.37174,0.02554,0.05804,0.02454,6
Kind_et_al._-_2009_-_How_Large_Is_the_Metabolome_A_Critical_Anal.txt,0.04190,0.03137,0.35789,0.03114,0.35972,0.02171,0.04815,0.02554,0.05804,0.02454,4
Brulc_et_al._-_2009_-_Gene-centric_metagenomics_of_the_fiber-adh.txt,0.36549,0.03137,0.03430,0.03114,0.03613,0.02171,0.04815,0.34913,0.05804,0.02454,0
Kastenmller_et_al._-_2009_-_Uncovering_metabolic_pathways_releva.txt,0.04190,0.03137,0.03430,0.03114,0.03613,0.34530,0.37174,0.02554,0.05804,0.02454,6
Culligan_et_al._-_2009_-_Probiotics_and_gastrointestinal_disease.txt,0.04190,0.03137,0.03430,0.03114,0.35972,0.02171,0.04815,0.34913,0.05804,0.02454,4
Lim_et_al._-_2009_-_TLR3-mediated_NF-B_signaling_in_human_esopha.txt,0.04190,0.03137,0.03430,0.03114,0.03613,0.02171,0.37174,0.02554,0.38163,0.02454,8
Lesouhaitier_et_al._-_2009_-_Gram-Negative_Bacterial_Sensors_for.txt,0.04190,0.03137,0.03430,0.03114,0.03613,0.02171,0.37174,0.34913,0.05804,0.02454,6
Avila_et_al._-_2009_-_The_Oral_Microbiota_Living_with_a_Permanen.txt,0.04190,0.03137,0.03430,0.03114,0.03613,0.66889,0.04815,0.02554,0.05804,0.02454,5
Lu_et_al._-_2009_-_Next-Generation_Synthetic_Gene_Networks.txt,0.04190,0.03137,0.03430,0.03114,0.03613,0.02171,0.04815,0.02554,0.70522,0.02454,8
Istomin_and_Godzik_-_2009_-_Understanding_diversity_of_human_inn.txt,0.04190,0.03137,0.03430,0.35473,0.03613,0.02171,0.04815,0.02554,0.38163,0.02454,8
Hoyles_and_McCartney_-_2009_-_What_do_we_mean_when_we_refer_to_B.txt,0.04190,0.03137,0.03430,0.03114,0.03613,0.02171,0.37174,0.34913,0.05804,0.02454,6
Dorer_et_al._-_2009_-_Helicobacter_pyloris_Unconventional_Role_i.txt,0.04190,0.03137,0.03430,0.03114,0.35972,0.02171,0.37174,0.02554,0.05804,0.02454,6
Ding_et_al._-_2009_-_Biotransformation_of_aesculin_by_human_gut_.txt,0.04190,0.03137,0.03430,0.03114,0.03613,0.02171,0.04815,0.02554,0.70522,0.02454,8
Henderson_et_al._-_2009_-_Quantitative_Metabolomics_Reveals_an_E.txt,0.36549,0.03137,0.03430,0.03114,0.03613,0.02171,0.37174,0.02554,0.05804,0.02454,6
Jansson_et_al._-_2009_-_Metabolomics_Reveals_Metabolic_Biomarker.txt,0.04190,0.03137,0.03430,0.03114,0.03613,0.34530,0.37174,0.02554,0.05804,0.02454,6
Claesson_et_al._-_2009_-_Comparative_Analysis_of_Pyrosequencing_.txt,0.04190,0.03137,0.03430,0.03114,0.03613,0.02171,0.69533,0.02554,0.05804,0.02454,6
Brosius_et_al._-_2009_-_Mouse_Models_of_Diabetic_Nephropathy.txt,0.04190,0.03137,0.03430,0.03114,0.03613,0.02171,0.37174,0.02554,0.05804,0.34813,6
Claud_-_2009_-_Neonatal_Necrotizing_Enterocolitis_Inflammation_a.txt,0.04190,0.03137,0.03430,0.03114,0.03613,0.02171,0.04815,0.34913,0.38163,0.02454,8
Li_et_al._-_2009_-_Molecular_diversity_of_Bacteroides_spp._in_hu(2).txt,0.36549,0.03137,0.03430,0.03114,0.03613,0.02171,0.04815,0.02554,0.05804,0.34813,0
Abraham_and_Cho_-_2009_-_Inflammatory_Bowel_Disease.txt,0.04190,0.03137,0.03430,0.03114,0.35972,0.02171,0.04815,0.34913,0.05804,0.02454,4
Corella_and_Ordovas_-_2009_-_Nutrigenomics_in_cardiovascular_med.txt,0.04190,0.03137,0.35789,0.03114,0.35972,0.02171,0.04815,0.02554,0.05804,0.02454,4
Das_et_al._-_2009_-_The_structure_of_KPN03535_gi152972051_a_nove.txt,0.04190,0.03137,0.03430,0.35473,0.03613,0.02171,0.04815,0.02554,0.05804,0.34813,3
Li_-_2009_-_Analysis_and_comparison_of_very_large_metagenomes_wi.txt,0.04190,0.03137,0.03430,0.03114,0.03613,0.02171,0.04815,0.67272,0.05804,0.02454,7
Lai_et_al._-_2009_-_Commensal_bacteria_regulate_TLR3-dependent_i.txt,0.04190,0.03137,0.03430,0.03114,0.03613,0.02171,0.69533,0.02554,0.05804,0.02454,6
Liu_et_al._-_2009_-_Isolation_incubation_and_parallel_functional.txt,0.04190,0.03137,0.03430,0.03114,0.03613,0.02171,0.04815,0.34913,0.05804,0.34813,7
Armougom_et_al._-_2009_-_Monitoring_Bacterial_Community_of_Human.txt,0.04190,0.03137,0.03430,0.03114,0.35972,0.02171,0.04815,0.02554,0.38163,0.02454,8
Dessailly_et_al._-_2009_-_PSI-2_Structural_Genomics_to_Cover_Pro.txt,0.04190,0.03137,0.03430,0.03114,0.03613,0.02171,0.69533,0.02554,0.05804,0.02454,6
Corbett_and_Roberts_-_2009_-_The_role_of_microbial_polysaccharid.txt,0.04190,0.35496,0.03430,0.35473,0.03613,0.02171,0.04815,0.02554,0.05804,0.02454,1
Beloborodov_et_al._-_2009_-_Microbial_origin_of_phenylcarboxylic.txt,0.04190,0.03137,0.03430,0.35473,0.35972,0.02171,0.04815,0.02554,0.05804,0.02454,4
Chew_and_Holmes_-_2009_-_Suppression_subtractive_hybridisation_a.txt,0.36549,0.03137,0.35789,0.03114,0.03613,0.02171,0.04815,0.02554,0.05804,0.02454,0
Mahowald_et_al._-_2009_-_Characterizing_a_model_human_gut_microb(2).txt,0.04190,0.03137,0.03430,0.35473,0.03613,0.02171,0.04815,0.02554,0.38163,0.02454,8
Dick_et_al._-_2009_-_Community-wide_analysis_of_microbial_genome.txt,0.04190,0.03137,0.03430,0.03114,0.03613,0.02171,0.37174,0.02554,0.38163,0.02454,8
Barakat_et_al._-_2009_-_P2CS_a_two-component_system_resource_for.txt,0.36549,0.03137,0.03430,0.03114,0.03613,0.34530,0.04815,0.02554,0.05804,0.02454,0
Lim_et_al._-_2009_-_TLR3-mediated_NF-B_signaling_in_human_esopha(1).txt,0.36549,0.03137,0.03430,0.03114,0.03613,0.02171,0.04815,0.02554,0.38163,0.02454,8
Fricke_et_al._-_2009_-_The_Role_of_Genomics_in_the_Identificatio.txt,0.04190,0.03137,0.03430,0.03114,0.35972,0.02171,0.04815,0.02554,0.05804,0.34813,4
Carman_et_al._-_2009_-_Identification_and_expression_of_a_novel_.txt,0.36549,0.03137,0.03430,0.03114,0.03613,0.02171,0.04815,0.02554,0.05804,0.34813,0
Berglund_et_al._-_2009_-_Computational_Resources_in_Infectious_D.txt,0.04190,0.03137,0.03430,0.03114,0.03613,0.34530,0.04815,0.34913,0.05804,0.02454,7
Maier_et_al._-_2009_-_Ultra-Structure_database_design_methodolog.txt,0.04190,0.03137,0.03430,0.03114,0.35972,0.02171,0.04815,0.34913,0.05804,0.02454,4
Lyra_et_al._-_2009_-_Diarrhoea-predominant_irritable_bowel_syndr.txt,0.04190,0.03137,0.35789,0.03114,0.03613,0.02171,0.37174,0.02554,0.05804,0.02454,6
Koo_et_al._-_2009_-_The_role_of_rifaximin_in_the_treatment_and_c.txt,0.36549,0.03137,0.03430,0.35473,0.03613,0.02171,0.04815,0.02554,0.05804,0.02454,0
Mai_and_Draganov_-_2009_-_Recent_advances_and_remaining_gaps_in_(1).txt,0.04190,0.03137,0.03430,0.03114,0.03613,0.02171,0.37174,0.02554,0.05804,0.34813,6
Hattori_and_Taylor_-_2009_-_The_Human_Intestinal_Microbiome_A_Ne.txt,0.36549,0.03137,0.03430,0.35473,0.03613,0.02171,0.04815,0.02554,0.05804,0.02454,0
Lim_et_al._-_2009_-_TLR3-mediated_NF-B_signaling_in_human_esopha(2).txt,0.04190,0.03137,0.03430,0.03114,0.35972,0.02171,0.37174,0.02554,0.05804,0.02454,6
Chapalain_et_al._-_2009_-_Bacterial_Ortholog_of_Mammalian_Transl.txt,0.36549,0.03137,0.03430,0.03114,0.03613,0.02171,0.37174,0.02554,0.05804,0.02454,6
Carroll_et_al._-_2009_-_The_gastrointestinal_microbiome_a_mallea.txt,0.04190,0.03137,0.03430,0.03114,0.35972,0.02171,0.04815,0.02554,0.05804,0.34813,4
Fukuda_et_al._-_2009_-_Evaluation_and_Characterization_of_Bacter.txt,0.04190,0.03137,0.03430,0.67832,0.03613,0.02171,0.04815,0.02554,0.05804,0.02454,3
Hoffmann_et_al._-_2009_-_Community-Wide_Response_of_the_Gut_Micr.txt,0.04190,0.03137,0.03430,0.03114,0.03613,0.66889,0.04815,0.02554,0.05804,0.02454,5
Auffray_et_al._-_2009_-_Systems_medicine_the_future_of_medical_g.txt,0.04190,0.03137,0.03430,0.03114,0.03613,0.02171,0.69533,0.02554,0.05804,0.02454,6
Hermon-Taylor_-_2009_-_Gut_pathogens_invaders_and_turncoats_in_a.txt,0.04190,0.03137,0.03430,0.03114,0.03613,0.02171,0.04815,0.02554,0.38163,0.34813,8
Mai_and_Draganov_-_2009_-_Recent_advances_and_remaining_gaps_in_(2).txt,0.04190,0.03137,0.03430,0.03114,0.03613,0.02171,0.04815,0.67272,0.05804,0.02454,7
2009_-_In_This_Issue.txt,0.04190,0.03137,0.03430,0.03114,0.03613,0.02171,0.37174,0.02554,0.05804,0.34813,6
Hartman_et_al._-_2009_-_Human_gut_microbiome_adopts_an_alternati.txt,0.04190,0.35496,0.03430,0.35473,0.03613,0.02171,0.04815,0.02554,0.05804,0.02454,1
Crawford_et_al._-_2009_-_Regulation_of_myocardial_ketone_body_me.txt,0.68909,0.03137,0.03430,0.03114,0.03613,0.02171,0.04815,0.02554,0.05804,0.02454,0
Hamp_et_al._-_2009_-_Effects_of_Experimental_Choices_and_Analysi.txt,0.04190,0.03137,0.03430,0.03114,0.35972,0.02171,0.04815,0.02554,0.38163,0.02454,8
Fukiya_et_al._-_2009_-_Conversion_of_cholic_acid_and_chenodeoxyc.txt,0.04190,0.03137,0.03430,0.03114,0.03613,0.34530,0.37174,0.02554,0.05804,0.02454,6
LaButti_et_al._-_2009_-_Complete_genome_sequence_of_Anaerococcus.txt,0.04190,0.35496,0.03430,0.35473,0.03613,0.02171,0.04815,0.02554,0.05804,0.02454,1
Mai_and_Draganov_-_2009_-_Recent_advances_and_remaining_gaps_in_.txt,0.04190,0.03137,0.03430,0.03114,0.35972,0.02171,0.37174,0.02554,0.05804,0.02454,6
Jackson-Rosario_and_Self_-_2009_-_Inhibition_of_Selenium_Metabol.txt,0.04190,0.03137,0.03430,0.03114,0.35972,0.02171,0.04815,0.34913,0.05804,0.02454,4
2009_-_Proceedings_of_the_2009_Conference_on_Gastrointestinal_Fu.txt,0.04190,0.35496,0.03430,0.03114,0.35972,0.02171,0.04815,0.02554,0.05804,0.02454,4
Barros_and_Offenbacher_-_2009_-_Epigenetics.txt,0.04190,0.03137,0.03430,0.35473,0.03613,0.34530,0.04815,0.02554,0.05804,0.02454,3
Mahowald_et_al._-_2009_-_Characterizing_a_model_human_gut_microb(1).txt,0.36549,0.03137,0.35789,0.03114,0.03613,0.02171,0.04815,0.02554,0.05804,0.02454,0
Li_et_al._-_2009_-_Molecular_diversity_of_Bacteroides_spp._in_hu(1).txt,0.04190,0.03137,0.68148,0.03114,0.03613,0.02171,0.04815,0.02554,0.05804,0.02454,2
Burcelin_et_al._-_2009_-_The_gut_microbiota_ecology_a_new_opport.txt,0.04190,0.03137,0.03430,0.03114,0.35972,0.34530,0.04815,0.02554,0.05804,0.02454,4
2009_-_Article_Watch.txt,0.04190,0.03137,0.35789,0.03114,0.03613,0.02171,0.04815,0.34913,0.05804,0.02454,2
Leser_and_Molbak_-_2009_-_Better_living_through_microbial_action.txt,0.04190,0.03137,0.03430,0.35473,0.03613,0.02171,0.04815,0.02554,0.38163,0.02454,8
Bernini_et_al._-_2009_-_Individual_Human_Phenotypes_in_Metabolic.txt,0.36549,0.03137,0.03430,0.03114,0.03613,0.34530,0.04815,0.02554,0.05804,0.02454,0
Humblot_and_Guyot_-_2009_-_Pyrosequencing_of_Tagged_16S_rRNA_Gen.txt,0.04190,0.03137,0.35789,0.03114,0.03613,0.02171,0.04815,0.34913,0.05804,0.02454,2
Faith_et_al._-_2009_-_The_Cladistic_Basis_for_the_Phylogenetic_D.txt,0.04190,0.03137,0.03430,0.35473,0.03613,0.02171,0.04815,0.02554,0.38163,0.02454,8
Cani_et_al._-_2009_-_Changes_in_gut_microbiota_control_inflammat.txt,0.04190,0.03137,0.35789,0.03114,0.03613,0.02171,0.04815,0.34913,0.05804,0.02454,2
Barrett_-_2009_-_The_world_within__impact_of_the_intestinal_mico.txt,0.04190,0.35496,0.03430,0.03114,0.03613,0.02171,0.04815,0.02554,0.38163,0.02454,8
Barrangou_et_al._-_2009_-_Comparison_of_the_Complete_Genome_Sequ.txt,0.04190,0.03137,0.03430,0.03114,0.03613,0.34530,0.37174,0.02554,0.05804,0.02454,6
Krogius-Kurikka_et_al._-_2009_-_Sequence_analysis_of_percent_GC_.txt,0.04190,0.03137,0.35789,0.03114,0.03613,0.02171,0.04815,0.02554,0.05804,0.34813,2
He_and_Shi_-_2009_-_Oral_Microbiology_Past_Present_and_Future.txt,0.04190,0.03137,0.03430,0.03114,0.03613,0.02171,0.37174,0.34913,0.05804,0.02454,6
Jacobs_et_al._-_2009_-_Non-Digestible_Food_Ingredients_Colonic_M.txt,0.68909,0.03137,0.03430,0.03114,0.03613,0.02171,0.04815,0.02554,0.05804,0.02454,0
Hermon-Taylor_-_2009_-_Mycobacterium_avium_subspecies_paratuberc.txt,0.04190,0.03137,0.35789,0.03114,0.03613,0.02171,0.04815,0.34913,0.05804,0.02454,2
Li_et_al._-_2009_-_Molecular_diversity_of_Bacteroides_spp._in_hu.txt,0.04190,0.03137,0.03430,0.35473,0.03613,0.02171,0.04815,0.34913,0.05804,0.02454,3
Costello_et_al._-_2009_-_Bacterial_Community_Variation_in_Human_.txt,0.04190,0.03137,0.03430,0.03114,0.03613,0.34530,0.04815,0.02554,0.05804,0.34813,9
Ahmed_et_al._-_2009_-_Gut_Pathogens_enteric_health_at_the_interf.txt,0.04190,0.03137,0.35789,0.03114,0.03613,0.34530,0.04815,0.02554,0.05804,0.02454,2
Dong_et_al._-_2009_-_Implication_of_the_Mosquito_Midgut_Microbio.txt,0.04190,0.03137,0.03430,0.03114,0.03613,0.02171,0.37174,0.02554,0.38163,0.02454,8
Ivanov_et_al._-_2009_-_Induction_of_intestinal_Th17_cells_by_seg.txt,0.04190,0.03137,0.35789,0.03114,0.03613,0.02171,0.04815,0.34913,0.05804,0.02454,2
Guazzaroni_et_al._-_2009_-_Metagenomics_as_a_new_technological_t.txt,0.04190,0.03137,0.03430,0.03114,0.03613,0.34530,0.37174,0.02554,0.05804,0.02454,6
Mahowald_et_al._-_2009_-_Characterizing_a_model_human_gut_microb.txt,0.04190,0.03137,0.35789,0.03114,0.03613,0.02171,0.04815,0.34913,0.05804,0.02454,2
Angly_et_al._-_2009_-_The_GAAS_Metagenomic_Tool_and_Its_Estimati.txt,0.04190,0.03137,0.03430,0.03114,0.03613,0.02171,0.04815,0.67272,0.05804,0.02454,7
Ahmed_et_al._-_2009_-_Use_of_metagenomics_to_understand_the_gene.txt,0.36549,0.03137,0.35789,0.03114,0.03613,0.02171,0.04815,0.02554,0.05804,0.02454,0
Khafipour_et_al._-_2009_-_Rumen_Microbiome_Composition_Determine.txt,0.04190,0.03137,0.03430,0.03114,0.03613,0.02171,0.04815,0.02554,0.38163,0.34813,8
Croswell_et_al._-_2009_-_Prolonged_Impact_of_Antibiotics_on_Inte.txt,0.36549,0.03137,0.03430,0.03114,0.03613,0.02171,0.37174,0.02554,0.05804,0.02454,6
Camp_et_al._-_2009_-_Patterns_and_Scales_in_Gastrointestinal_Mic.txt,0.04190,0.35496,0.03430,0.03114,0.03613,0.02171,0.04815,0.34913,0.05804,0.02454,1
DiGiulio_and_Relman_-_2009_-_Editorial_Commentary_Majority_Rules.txt,0.04190,0.35496,0.03430,0.03114,0.35972,0.02171,0.04815,0.02554,0.05804,0.02454,4
Joosen_et_al._-_2009_-_Effect_of_processed_and_red_meat_on_endog.txt,0.04190,0.03137,0.03430,0.03114,0.03613,0.02171,0.04815,0.34913,0.05804,0.34813,7
Hildebrandt_et_al._-_2009_-_High-fat_diet_determines_the_composi.txt,0.36549,0.03137,0.03430,0.03114,0.03613,0.02171,0.37174,0.02554,0.05804,0.02454,6
Li_et_al._-_2009_-_Bacterial_Microbiota_Profiling_in_Gastritis_w.txt,0.04190,0.35496,0.03430,0.35473,0.03613,0.02171,0.04815,0.02554,0.05804,0.02454,1
Arigoni_and_Brssow_-_2009_-_Food_and_gut_microbes_for_thoughts.txt,0.36549,0.03137,0.03430,0.03114,0.03613,0.02171,0.04815,0.02554,0.38163,0.02454,8
Haemer_et_al._-_2009_-_The_Effect_of_Neurohormonal_Factors_Epige.txt,0.04190,0.03137,0.35789,0.03114,0.03613,0.02171,0.37174,0.02554,0.05804,0.02454,6
Lee_and_Hallam_-_2009_-_Extraction_of_High_Molecular_Weight_Geno.txt,0.04190,0.03137,0.35789,0.03114,0.03613,0.02171,0.04815,0.02554,0.05804,0.34813,2
2009_-_Benefits_and_Best_Practices_of_Rapid_Pre-Publication_Data.txt,0.36549,0.03137,0.35789,0.03114,0.03613,0.02171,0.04815,0.02554,0.05804,0.02454,0
Evans_et_al._-_2009_-_Community_Composition_and_Density_of_Metha.txt,0.04190,0.67855,0.03430,0.03114,0.03613,0.02171,0.04815,0.02554,0.05804,0.02454,1
Baba_et_al._-_2009_-_Selected_commensal-related_bacteria_and_Tol(2).txt,0.04190,0.03137,0.03430,0.03114,0.35972,0.02171,0.04815,0.02554,0.38163,0.02454,8
Lam_et_al._-_2009_-_Revising_the_nitrogen_cycle_in_the_Peruvian_.txt,0.04190,0.35496,0.03430,0.03114,0.03613,0.34530,0.04815,0.02554,0.05804,0.02454,1
Lazarevic_et_al._-_2009_-_Metagenomic_study_of_the_oral_microbio.txt,0.68909,0.03137,0.03430,0.03114,0.03613,0.02171,0.04815,0.02554,0.05804,0.02454,0
Balish_-_2009_-_A_URA3_null_mutant_of_Candida_albicans_CAI-4_cau.txt,0.04190,0.03137,0.03430,0.03114,0.35972,0.02171,0.04815,0.34913,0.05804,0.02454,4
Bergholz_et_al._-_2009_-_Psychrobacter_arcticus_273-4_Uses_Resou.txt,0.04190,0.03137,0.03430,0.35473,0.03613,0.02171,0.37174,0.02554,0.05804,0.02454,6
Ahmed_et_al._-_2009_-_Gut_Pathogens_enteric_health_at_the_interf(2).txt,0.04190,0.35496,0.03430,0.03114,0.35972,0.02171,0.04815,0.02554,0.05804,0.02454,4
Downes_et_al._-_2009_-_Pyramidobacter_piscolens_gen._nov._sp._no.txt,0.04190,0.03137,0.35789,0.35473,0.03613,0.02171,0.04815,0.02554,0.05804,0.02454,2
Aziz_-_2009_-_The_case_for_biocentric_microbiology.txt,0.04190,0.03137,0.03430,0.03114,0.35972,0.02171,0.37174,0.02554,0.05804,0.02454,6
Kovatcheva-Datchary_et_al._-_2009_-_Tools_for_the_Tract_Understa.txt,0.04190,0.03137,0.03430,0.35473,0.03613,0.02171,0.04815,0.02554,0.05804,0.34813,3
Joyce_et_al._-_2009_-_Streptococcus_pneumoniae_nasopharyngeal_co.txt,0.36549,0.03137,0.03430,0.03114,0.03613,0.02171,0.04815,0.34913,0.05804,0.02454,0
Horton_et_al._-_2009_-_A_Comparative_Analysis_of_Gene_Expression.txt,0.04190,0.03137,0.35789,0.03114,0.35972,0.02171,0.04815,0.02554,0.05804,0.02454,4
Cozen_et_al._-_2009_-_A_protective_role_for_early_oral_exposures.txt,0.04190,0.03137,0.35789,0.35473,0.03613,0.02171,0.04815,0.02554,0.05804,0.02454,2
Kreth_et_al._-_2009_-_Bacterial_and_Host_Interactions_of_Oral_St.txt,0.04190,0.03137,0.03430,0.03114,0.03613,0.02171,0.37174,0.02554,0.38163,0.02454,8
Keller_and_Hettich_-_2009_-_Environmental_Proteomics_a_Paradigm_.txt,0.04190,0.03137,0.03430,0.03114,0.03613,0.02171,0.04815,0.34913,0.05804,0.34813,7
Culligan_et_al._-_2009_-_Probiotics_and_gastrointestinal_disease(2).txt,0.04190,0.03137,0.03430,0.35473,0.03613,0.02171,0.04815,0.02554,0.05804,0.34813,3
Cover_and_Blaser_-_2009_-_Helicobacter_pylori_in_health_and_dise.txt,0.04190,0.03137,0.35789,0.35473,0.03613,0.02171,0.04815,0.02554,0.05804,0.02454,2
Barshop_et_al._-_2009_-_Nonalcoholic_fatty_liver_disease_as_a_co.txt,0.36549,0.03137,0.35789,0.03114,0.03613,0.02171,0.04815,0.02554,0.05804,0.02454,0
Gueimonde_et_al._-_2009_-_Bile-Inducible_Efflux_Transporter_from.txt,0.04190,0.03137,0.03430,0.03114,0.03613,0.02171,0.04815,0.34913,0.38163,0.02454,8
Grice_et_al._-_2009_-_Topographical_and_Temporal_Diversity_of_th.txt,0.04190,0.03137,0.03430,0.35473,0.03613,0.02171,0.04815,0.34913,0.05804,0.02454,3
